{
  "verdict": {
    "headline": "Current public sample does not yet confirm a financially viable edge.",
    "detail": "The Exchange-side sample averages +0.12% at +1h, but -0.52% at +6h and -1.49% at +24h. After netting entry quality versus market, mean net +24h drops to -2.19%. The keeper-proxy sample is weaker still at -5.59% mean +24h. That is not enough to claim the Stability Pool reliably buys bottoms profitably."
  },
  "exchange": {
    "all": {
      "count": 13,
      "execution_vs_market_pct": {
        "mean": 0.699254948643448,
        "median": 0.753006555695479,
        "count": 13
      },
      "1h_return_pct": {
        "mean": 0.1196861137382949,
        "median": 0.4865399388889413,
        "count": 13
      },
      "6h_return_pct": {
        "mean": -0.5205013662524614,
        "median": -0.002447254382298425,
        "count": 13
      },
      "24h_return_pct": {
        "mean": -1.489599202408276,
        "median": -2.406449588234394,
        "count": 13
      },
      "net_1h_return_pct": {
        "mean": -0.5795688349051531,
        "median": -0.4801940559099993,
        "count": 13
      },
      "net_6h_return_pct": {
        "mean": -1.2197563148959094,
        "median": -0.0012321298472950382,
        "count": 13
      },
      "net_24h_return_pct": {
        "mean": -2.188854151051724,
        "median": -1.4222538733593582,
        "count": 13
      }
    },
    "better_or_equal_fill": {
      "count": 5,
      "execution_vs_market_pct": {
        "mean": -0.4854026717192417,
        "median": -0.2952408317052124,
        "count": 5
      },
      "1h_return_pct": {
        "mean": -0.06234276509075043,
        "median": 0.4865399388889413,
        "count": 5
      },
      "6h_return_pct": {
        "mean": 0.22059328267894474,
        "median": -0.002447254382298425,
        "count": 5
      },
      "24h_return_pct": {
        "mean": -0.6383077792060354,
        "median": -1.4862389438342727,
        "count": 5
      },
      "net_1h_return_pct": {
        "mean": 0.42305990662849124,
        "median": 0.4877550634239447,
        "count": 5
      },
      "net_6h_return_pct": {
        "mean": 0.7059959543981864,
        "median": -0.0012321298472950382,
        "count": 5
      },
      "net_24h_return_pct": {
        "mean": -0.15290510748679376,
        "median": -0.5310288253090212,
        "count": 5
      }
    },
    "worse_fill": {
      "count": 8,
      "execution_vs_market_pct": {
        "mean": 1.439665961370129,
        "median": 1.194105514344157,
        "count": 8
      },
      "1h_return_pct": {
        "mean": 0.23345416300644822,
        "median": 0.25983069155626204,
        "count": 8
      },
      "6h_return_pct": {
        "mean": -0.9836855218345901,
        "median": 0.02378178589075297,
        "count": 8
      },
      "24h_return_pct": {
        "mean": -2.0216563419096762,
        "median": -2.673353339863377,
        "count": 8
      },
      "net_1h_return_pct": {
        "mean": -1.2062117983636809,
        "median": -1.1912760277072554,
        "count": 8
      },
      "net_6h_return_pct": {
        "mean": -2.423351483204719,
        "median": -0.8471964406699062,
        "count": 8
      },
      "net_24h_return_pct": {
        "mean": -3.4613223032798057,
        "median": -3.9962631821116315,
        "count": 8
      }
    },
    "large_ge_1000": {
      "count": 5,
      "execution_vs_market_pct": {
        "mean": 1.440070921710448,
        "median": 1.3883555896657906,
        "count": 5
      },
      "1h_return_pct": {
        "mean": 0.022215306900423837,
        "median": 0.0,
        "count": 5
      },
      "6h_return_pct": {
        "mean": -1.997778883403436,
        "median": -1.5109541647676417,
        "count": 5
      },
      "24h_return_pct": {
        "mean": -0.9972345953625927,
        "median": -0.018495404834861784,
        "count": 5
      },
      "net_1h_return_pct": {
        "mean": -1.417855614810024,
        "median": -2.037314562935344,
        "count": 5
      },
      "net_6h_return_pct": {
        "mean": -3.437849805113884,
        "median": -2.8993097544334323,
        "count": 5
      },
      "net_24h_return_pct": {
        "mean": -2.4373055170730407,
        "median": -0.6238929009198535,
        "count": 5
      }
    },
    "small_lt_1000": {
      "count": 8,
      "execution_vs_market_pct": {
        "mean": 0.23624496547657303,
        "median": 0.3758957155802378,
        "count": 8
      },
      "1h_return_pct": {
        "mean": 0.1806053680119643,
        "median": 0.5031006610007327,
        "count": 8
      },
      "6h_return_pct": {
        "mean": 0.40279708196689773,
        "median": 0.8159413897654177,
        "count": 8
      },
      "24h_return_pct": {
        "mean": -1.797327081811828,
        "median": -2.4341106929030465,
        "count": 8
      },
      "net_1h_return_pct": {
        "mean": -0.055639597464608725,
        "median": -0.3877377018841499,
        "count": 8
      },
      "net_6h_return_pct": {
        "mean": 0.1665521164903247,
        "median": 0.0622525897947479,
        "count": 8
      },
      "net_24h_return_pct": {
        "mean": -2.033572047288401,
        "median": -2.2713463141506574,
        "count": 8
      }
    },
    "largest_cases": [
      {
        "start_utc": "2026-03-27T08:35:55+00:00",
        "end_utc": "2026-03-27T08:36:15+00:00",
        "tx_count": 25,
        "hyusd_burned": 17968.306560999998,
        "xsol_minted": 243241.57956299998,
        "implied_hyusd_per_xsol": 0.07387020999157003,
        "market_entry_close": 0.07269814442650883,
        "execution_vs_market_pct": 1.6122358752169275,
        "sample_signature": "4TJBHLfubdJ1QP52jKrPTHqDqEaLdPZy4qAWceQbFLKbE8x5RXDtg2JkM1w3V9QYLBhuZxvAB5ZFJXgdcpyXntfY",